<?xml version='1.0' encoding='UTF-8'?>
<patch-config xmlns="urn:jboss:patch-config:1.0">
    <name>wildfly-${wildfly.version}-hibernate-validator-${project.version}</name>
    <description>This patch upgrades Hibernate Validator ${project.version} within WildFly ${wildfly.version} installation</description>
    <element patch-id="layer-base-wildfly-${wildfly.version}-hibernate-validor-${project.version}">
        <one-off name="base" />
        <description>This patch upgrades Hibernate Validator ${project.version} within WildFly ${wildfly.version} installation</description>
        <specified-content>
            <modules>
                <updated name="org.hibernate.validator" />
                <updated name="org.hibernate.validator.cdi" />
            </modules>
        </specified-content>
    </element>
    <specified-content/>
</patch-config>
